file,line,type,commit,author,date,time,timezone,datetime,depth,length
style.css,1,css,8d10ff71,Roman,2026-04-10,22:21:19,-07:00,2026-04-10T22:21:19-07:00,0,3
style.css,2,css,8d10ff71,Roman,2026-04-10,22:21:19,-07:00,2026-04-10T22:21:19-07:00,1,29
style.css,3,css,209d4cba,Roman,2026-04-24,20:37:20,-07:00,2026-04-24T20:37:20-07:00,1,21
style.css,4,css,8d10ff71,Roman,2026-04-10,22:21:19,-07:00,2026-04-10T22:21:19-07:00,0,0
style.css,5,css,8d10ff71,Roman,2026-04-10,22:21:19,-07:00,2026-04-10T22:21:19-07:00,0,0
style.css,6,css,8d10ff71,Roman,2026-04-10,22:21:19,-07:00,2026-04-10T22:21:19-07:00,0,2
style.css,7,css,8d10ff71,Roman,2026-04-10,22:21:19,-07:00,2026-04-10T22:21:19-07:00,1,30
style.css,8,css,8d10ff71,Roman,2026-04-10,22:21:19,-07:00,2026-04-10T22:21:19-07:00,0,0
style.css,9,css,8d10ff71,Roman,2026-04-10,22:21:19,-07:00,2026-04-10T22:21:19-07:00,0,0
style.css,10,css,c8823976,Roman,2026-04-02,18:43:48,-07:00,2026-04-02T18:43:48-07:00,0,2
style.css,11,css,8d10ff71,Roman,2026-04-10,22:21:19,-07:00,2026-04-10T22:21:19-07:00,1,21
style.css,12,css,8d10ff71,Roman,2026-04-10,22:21:19,-07:00,2026-04-10T22:21:19-07:00,1,13
style.css,13,css,8d10ff71,Roman,2026-04-10,22:21:19,-07:00,2026-04-10T22:21:19-07:00,1,16
style.css,14,css,8d10ff71,Roman,2026-04-10,22:21:19,-07:00,2026-04-10T22:21:19-07:00,1,16
style.css,15,css,8d10ff71,Roman,2026-04-10,22:21:19,-07:00,2026-04-10T22:21:19-07:00,0,0
style.css,16,css,8d10ff71,Roman,2026-04-10,22:21:19,-07:00,2026-04-10T22:21:19-07:00,0,0
style.css,17,css,209d4cba,Roman,2026-04-24,20:37:20,-07:00,2026-04-24T20:37:20-07:00,0,5
style.css,18,css,209d4cba,Roman,2026-04-24,20:37:20,-07:00,2026-04-24T20:37:20-07:00,0,12
style.css,19,css,8d10ff71,Roman,2026-04-10,22:21:19,-07:00,2026-04-10T22:21:19-07:00,1,14
style.css,20,css,8d10ff71,Roman,2026-04-10,22:21:19,-07:00,2026-04-10T22:21:19-07:00,0,0
style.css,21,css,8d10ff71,Roman,2026-04-10,22:21:19,-07:00,2026-04-10T22:21:19-07:00,0,0
style.css,22,css,8d10ff71,Roman,2026-04-10,22:21:19,-07:00,2026-04-10T22:21:19-07:00,0,1
style.css,23,css,8d10ff71,Roman,2026-04-10,22:21:19,-07:00,2026-04-10T22:21:19-07:00,1,10
style.css,24,css,8d10ff71,Roman,2026-04-10,22:21:19,-07:00,2026-04-10T22:21:19-07:00,1,15
style.css,25,css,209d4cba,Roman,2026-04-24,20:37:20,-07:00,2026-04-24T20:37:20-07:00,1,37
style.css,26,css,209d4cba,Roman,2026-04-24,20:37:20,-07:00,2026-04-24T20:37:20-07:00,1,41
style.css,27,css,8d10ff71,Roman,2026-04-10,22:21:19,-07:00,2026-04-10T22:21:19-07:00,0,0
style.css,28,css,8d10ff71,Roman,2026-04-10,22:21:19,-07:00,2026-04-10T22:21:19-07:00,0,0
style.css,29,css,8d10ff71,Roman,2026-04-10,22:21:19,-07:00,2026-04-10T22:21:19-07:00,0,3
style.css,30,css,8d10ff71,Roman,2026-04-10,22:21:19,-07:00,2026-04-10T22:21:19-07:00,1,4
style.css,31,css,8d10ff71,Roman,2026-04-10,22:21:19,-07:00,2026-04-10T22:21:19-07:00,1,18
style.css,32,css,8d10ff71,Roman,2026-04-10,22:21:19,-07:00,2026-04-10T22:21:19-07:00,1,11
style.css,33,css,8d10ff71,Roman,2026-04-10,22:21:19,-07:00,2026-04-10T22:21:19-07:00,1,15
style.css,34,css,8d10ff71,Roman,2026-04-10,22:21:19,-07:00,2026-04-10T22:21:19-07:00,1,11
style.css,35,css,8d10ff71,Roman,2026-04-10,22:21:19,-07:00,2026-04-10T22:21:19-07:00,0,0
style.css,36,css,8d10ff71,Roman,2026-04-10,22:21:19,-07:00,2026-04-10T22:21:19-07:00,0,0
style.css,37,css,8d10ff71,Roman,2026-04-10,22:21:19,-07:00,2026-04-10T22:21:19-07:00,0,11
style.css,38,css,209d4cba,Roman,2026-04-24,20:37:20,-07:00,2026-04-24T20:37:20-07:00,1,43
style.css,39,css,8d10ff71,Roman,2026-04-10,22:21:19,-07:00,2026-04-10T22:21:19-07:00,1,18
style.css,40,css,8d10ff71,Roman,2026-04-10,22:21:19,-07:00,2026-04-10T22:21:19-07:00,0,0
style.css,41,css,8d10ff71,Roman,2026-04-10,22:21:19,-07:00,2026-04-10T22:21:19-07:00,0,0
style.css,42,css,8d10ff71,Roman,2026-04-10,22:21:19,-07:00,2026-04-10T22:21:19-07:00,0,9
style.css,43,css,8d10ff71,Roman,2026-04-10,22:21:19,-07:00,2026-04-10T22:21:19-07:00,1,43
style.css,44,css,8d10ff71,Roman,2026-04-10,22:21:19,-07:00,2026-04-10T22:21:19-07:00,1,18
style.css,45,css,209d4cba,Roman,2026-04-24,20:37:20,-07:00,2026-04-24T20:37:20-07:00,1,67
style.css,46,css,8d10ff71,Roman,2026-04-10,22:21:19,-07:00,2026-04-10T22:21:19-07:00,0,0
style.css,47,css,8d10ff71,Roman,2026-04-10,22:21:19,-07:00,2026-04-10T22:21:19-07:00,0,0
style.css,48,css,209d4cba,Roman,2026-04-24,20:37:20,-07:00,2026-04-24T20:37:20-07:00,0,10
style.css,49,css,8d10ff71,Roman,2026-04-10,22:21:19,-07:00,2026-04-10T22:21:19-07:00,0,20
style.css,50,css,8d10ff71,Roman,2026-04-10,22:21:19,-07:00,2026-04-10T22:21:19-07:00,1,13
style.css,51,css,8d10ff71,Roman,2026-04-10,22:21:19,-07:00,2026-04-10T22:21:19-07:00,1,15
style.css,52,css,8d10ff71,Roman,2026-04-10,22:21:19,-07:00,2026-04-10T22:21:19-07:00,0,0
style.css,53,css,8d10ff71,Roman,2026-04-10,22:21:19,-07:00,2026-04-10T22:21:19-07:00,0,0
style.css,54,css,8d10ff71,Roman,2026-04-10,22:21:19,-07:00,2026-04-10T22:21:19-07:00,0,0
style.css,55,css,8d10ff71,Roman,2026-04-10,22:21:19,-07:00,2026-04-10T22:21:19-07:00,1,12
style.css,56,css,8d10ff71,Roman,2026-04-10,22:21:19,-07:00,2026-04-10T22:21:19-07:00,0,0
style.css,57,css,8d10ff71,Roman,2026-04-10,22:21:19,-07:00,2026-04-10T22:21:19-07:00,0,0
style.css,58,css,209d4cba,Roman,2026-04-24,20:37:20,-07:00,2026-04-24T20:37:20-07:00,0,15
style.css,59,css,8d10ff71,Roman,2026-04-10,22:21:19,-07:00,2026-04-10T22:21:19-07:00,0,7
style.css,60,css,8d10ff71,Roman,2026-04-10,22:21:19,-07:00,2026-04-10T22:21:19-07:00,1,10
style.css,61,css,8d10ff71,Roman,2026-04-10,22:21:19,-07:00,2026-04-10T22:21:19-07:00,1,56
style.css,62,css,8d10ff71,Roman,2026-04-10,22:21:19,-07:00,2026-04-10T22:21:19-07:00,1,5
style.css,63,css,8d10ff71,Roman,2026-04-10,22:21:19,-07:00,2026-04-10T22:21:19-07:00,0,0
style.css,64,css,8d10ff71,Roman,2026-04-10,22:21:19,-07:00,2026-04-10T22:21:19-07:00,0,0
style.css,65,css,8d10ff71,Roman,2026-04-10,22:21:19,-07:00,2026-04-10T22:21:19-07:00,0,15
style.css,66,css,8d10ff71,Roman,2026-04-10,22:21:19,-07:00,2026-04-10T22:21:19-07:00,1,10
style.css,67,css,8d10ff71,Roman,2026-04-10,22:21:19,-07:00,2026-04-10T22:21:19-07:00,1,13
style.css,68,css,8d10ff71,Roman,2026-04-10,22:21:19,-07:00,2026-04-10T22:21:19-07:00,1,24
style.css,69,css,8d10ff71,Roman,2026-04-10,22:21:19,-07:00,2026-04-10T22:21:19-07:00,0,0
style.css,70,css,8d10ff71,Roman,2026-04-10,22:21:19,-07:00,2026-04-10T22:21:19-07:00,0,0
style.css,71,css,8d10ff71,Roman,2026-04-10,22:21:19,-07:00,2026-04-10T22:21:19-07:00,0,18
style.css,72,css,8d10ff71,Roman,2026-04-10,22:21:19,-07:00,2026-04-10T22:21:19-07:00,1,6
style.css,73,css,8d10ff71,Roman,2026-04-10,22:21:19,-07:00,2026-04-10T22:21:19-07:00,0,0
style.css,74,css,8d10ff71,Roman,2026-04-10,22:21:19,-07:00,2026-04-10T22:21:19-07:00,0,0
style.css,75,css,8d10ff71,Roman,2026-04-10,22:21:19,-07:00,2026-04-10T22:21:19-07:00,0,19
style.css,76,css,8d10ff71,Roman,2026-04-10,22:21:19,-07:00,2026-04-10T22:21:19-07:00,1,8
style.css,77,css,ada352e4,Roman,2026-04-17,15:13:45,-07:00,2026-04-17T15:13:45-07:00,0,0
style.css,78,css,ada352e4,Roman,2026-04-17,15:13:45,-07:00,2026-04-17T15:13:45-07:00,0,0
style.css,79,css,209d4cba,Roman,2026-04-24,20:37:20,-07:00,2026-04-24T20:37:20-07:00,0,14
style.css,80,css,209d4cba,Roman,2026-04-24,20:37:20,-07:00,2026-04-24T20:37:20-07:00,0,2
style.css,81,css,209d4cba,Roman,2026-04-24,20:37:20,-07:00,2026-04-24T20:37:20-07:00,1,10
style.css,82,css,209d4cba,Roman,2026-04-24,20:37:20,-07:00,2026-04-24T20:37:20-07:00,1,28
style.css,83,css,209d4cba,Roman,2026-04-24,20:37:20,-07:00,2026-04-24T20:37:20-07:00,1,5
style.css,84,css,ada352e4,Roman,2026-04-17,15:13:45,-07:00,2026-04-17T15:13:45-07:00,0,0
style.css,85,css,ada352e4,Roman,2026-04-17,15:13:45,-07:00,2026-04-17T15:13:45-07:00,0,0
style.css,86,css,209d4cba,Roman,2026-04-24,20:37:20,-07:00,2026-04-24T20:37:20-07:00,0,8
style.css,87,css,209d4cba,Roman,2026-04-24,20:37:20,-07:00,2026-04-24T20:37:20-07:00,1,10
style.css,88,css,209d4cba,Roman,2026-04-24,20:37:20,-07:00,2026-04-24T20:37:20-07:00,1,16
style.css,89,css,209d4cba,Roman,2026-04-24,20:37:20,-07:00,2026-04-24T20:37:20-07:00,1,27
style.css,90,css,ada352e4,Roman,2026-04-17,15:13:45,-07:00,2026-04-17T15:13:45-07:00,0,0
style.css,91,css,ada352e4,Roman,2026-04-17,15:13:45,-07:00,2026-04-17T15:13:45-07:00,0,0
style.css,92,css,209d4cba,Roman,2026-04-24,20:37:20,-07:00,2026-04-24T20:37:20-07:00,0,29
style.css,93,css,209d4cba,Roman,2026-04-24,20:37:20,-07:00,2026-04-24T20:37:20-07:00,1,10
style.css,94,css,209d4cba,Roman,2026-04-24,20:37:20,-07:00,2026-04-24T20:37:20-07:00,1,19
style.css,95,css,209d4cba,Roman,2026-04-24,20:37:20,-07:00,2026-04-24T20:37:20-07:00,1,8
style.css,96,css,209d4cba,Roman,2026-04-24,20:37:20,-07:00,2026-04-24T20:37:20-07:00,0,0
style.css,97,css,209d4cba,Roman,2026-04-24,20:37:20,-07:00,2026-04-24T20:37:20-07:00,0,0
style.css,98,css,209d4cba,Roman,2026-04-24,20:37:20,-07:00,2026-04-24T20:37:20-07:00,0,4
style.css,99,css,209d4cba,Roman,2026-04-24,20:37:20,-07:00,2026-04-24T20:37:20-07:00,1,16
style.css,100,css,ada352e4,Roman,2026-04-17,15:13:45,-07:00,2026-04-17T15:13:45-07:00,0,0
style.css,101,css,ada352e4,Roman,2026-04-17,15:13:45,-07:00,2026-04-17T15:13:45-07:00,0,0
style.css,102,css,209d4cba,Roman,2026-04-24,20:37:20,-07:00,2026-04-24T20:37:20-07:00,0,18
style.css,103,css,ada352e4,Roman,2026-04-17,15:13:45,-07:00,2026-04-17T15:13:45-07:00,0,11
style.css,104,css,ada352e4,Roman,2026-04-17,15:13:45,-07:00,2026-04-17T15:13:45-07:00,1,15
style.css,105,css,ada352e4,Roman,2026-04-17,15:13:45,-07:00,2026-04-17T15:13:45-07:00,1,6
style.css,106,css,ada352e4,Roman,2026-04-17,15:13:45,-07:00,2026-04-17T15:13:45-07:00,1,8
style.css,107,css,ada352e4,Roman,2026-04-17,15:13:45,-07:00,2026-04-17T15:13:45-07:00,1,11
style.css,108,css,ada352e4,Roman,2026-04-17,15:13:45,-07:00,2026-04-17T15:13:45-07:00,0,0
style.css,109,css,ada352e4,Roman,2026-04-17,15:13:45,-07:00,2026-04-17T15:13:45-07:00,0,0
style.css,110,css,209d4cba,Roman,2026-04-24,20:37:20,-07:00,2026-04-24T20:37:20-07:00,0,14
style.css,111,css,209d4cba,Roman,2026-04-24,20:37:20,-07:00,2026-04-24T20:37:20-07:00,0,15
style.css,112,css,209d4cba,Roman,2026-04-24,20:37:20,-07:00,2026-04-24T20:37:20-07:00,1,10
style.css,113,css,209d4cba,Roman,2026-04-24,20:37:20,-07:00,2026-04-24T20:37:20-07:00,1,34
style.css,114,css,209d4cba,Roman,2026-04-24,20:37:20,-07:00,2026-04-24T20:37:20-07:00,0,0
style.css,115,css,209d4cba,Roman,2026-04-24,20:37:20,-07:00,2026-04-24T20:37:20-07:00,0,0
style.css,116,css,209d4cba,Roman,2026-04-24,20:37:20,-07:00,2026-04-24T20:37:20-07:00,0,15
style.css,117,css,209d4cba,Roman,2026-04-24,20:37:20,-07:00,2026-04-24T20:37:20-07:00,1,8
style.css,118,css,209d4cba,Roman,2026-04-24,20:37:20,-07:00,2026-04-24T20:37:20-07:00,1,13
style.css,119,css,209d4cba,Roman,2026-04-24,20:37:20,-07:00,2026-04-24T20:37:20-07:00,1,22
style.css,120,css,209d4cba,Roman,2026-04-24,20:37:20,-07:00,2026-04-24T20:37:20-07:00,1,8
style.css,121,css,209d4cba,Roman,2026-04-24,20:37:20,-07:00,2026-04-24T20:37:20-07:00,0,0
style.css,122,css,209d4cba,Roman,2026-04-24,20:37:20,-07:00,2026-04-24T20:37:20-07:00,0,0
style.css,123,css,209d4cba,Roman,2026-04-24,20:37:20,-07:00,2026-04-24T20:37:20-07:00,0,15
style.css,124,css,209d4cba,Roman,2026-04-24,20:37:20,-07:00,2026-04-24T20:37:20-07:00,1,8
style.css,125,css,209d4cba,Roman,2026-04-24,20:37:20,-07:00,2026-04-24T20:37:20-07:00,1,11
style.css,126,css,209d4cba,Roman,2026-04-24,20:37:20,-07:00,2026-04-24T20:37:20-07:00,1,14
style.css,127,css,209d4cba,Roman,2026-04-24,20:37:20,-07:00,2026-04-24T20:37:20-07:00,1,6
style.css,128,css,db5b6c8c,Roman,2026-05-01,15:28:52,-07:00,2026-05-01T15:28:52-07:00,0,0
style.css,129,css,db5b6c8c,Roman,2026-05-01,15:28:52,-07:00,2026-05-01T15:28:52-07:00,0,0
style.css,130,css,db5b6c8c,Roman,2026-05-01,15:28:52,-07:00,2026-05-01T15:28:52-07:00,0,11
style.css,131,css,db5b6c8c,Roman,2026-05-01,15:28:52,-07:00,2026-05-01T15:28:52-07:00,0,16
style.css,132,css,db5b6c8c,Roman,2026-05-01,15:28:52,-07:00,2026-05-01T15:28:52-07:00,1,12
style.css,133,css,db5b6c8c,Roman,2026-05-01,15:28:52,-07:00,2026-05-01T15:28:52-07:00,1,14
style.css,134,css,db5b6c8c,Roman,2026-05-01,15:28:52,-07:00,2026-05-01T15:28:52-07:00,1,14
style.css,135,css,db5b6c8c,Roman,2026-05-01,15:28:52,-07:00,2026-05-01T15:28:52-07:00,0,0
style.css,136,css,db5b6c8c,Roman,2026-05-01,15:28:52,-07:00,2026-05-01T15:28:52-07:00,0,0
style.css,137,css,db5b6c8c,Roman,2026-05-01,15:28:52,-07:00,2026-05-01T15:28:52-07:00,0,12
style.css,138,css,db5b6c8c,Roman,2026-05-01,15:28:52,-07:00,2026-05-01T15:28:52-07:00,1,10
style.css,139,css,db5b6c8c,Roman,2026-05-01,15:28:52,-07:00,2026-05-01T15:28:52-07:00,1,16
style.css,140,css,db5b6c8c,Roman,2026-05-01,15:28:52,-07:00,2026-05-01T15:28:52-07:00,1,5
style.css,141,css,db5b6c8c,Roman,2026-05-01,15:28:52,-07:00,2026-05-01T15:28:52-07:00,0,0
style.css,142,css,db5b6c8c,Roman,2026-05-01,15:28:52,-07:00,2026-05-01T15:28:52-07:00,0,0
style.css,143,css,db5b6c8c,Roman,2026-05-01,15:28:52,-07:00,2026-05-01T15:28:52-07:00,0,8
style.css,144,css,db5b6c8c,Roman,2026-05-01,15:28:52,-07:00,2026-05-01T15:28:52-07:00,0,5
style.css,145,css,db5b6c8c,Roman,2026-05-01,15:28:52,-07:00,2026-05-01T15:28:52-07:00,1,10
style.css,146,css,db5b6c8c,Roman,2026-05-01,15:28:52,-07:00,2026-05-01T15:28:52-07:00,1,55
style.css,147,css,db5b6c8c,Roman,2026-05-01,15:28:52,-07:00,2026-05-01T15:28:52-07:00,1,39
style.css,148,css,db5b6c8c,Roman,2026-05-01,15:28:52,-07:00,2026-05-01T15:28:52-07:00,1,9
style.css,149,css,db5b6c8c,Roman,2026-05-01,15:28:52,-07:00,2026-05-01T15:28:52-07:00,1,6
style.css,150,css,db5b6c8c,Roman,2026-05-01,15:28:52,-07:00,2026-05-01T15:28:52-07:00,1,7
style.css,151,css,db5b6c8c,Roman,2026-05-01,15:28:52,-07:00,2026-05-01T15:28:52-07:00,1,13
style.css,152,css,db5b6c8c,Roman,2026-05-01,15:28:52,-07:00,2026-05-01T15:28:52-07:00,1,4
style.css,153,css,db5b6c8c,Roman,2026-05-01,15:28:52,-07:00,2026-05-01T15:28:52-07:00,0,0
style.css,154,css,db5b6c8c,Roman,2026-05-01,15:28:52,-07:00,2026-05-01T15:28:52-07:00,0,0
style.css,155,css,db5b6c8c,Roman,2026-05-01,15:28:52,-07:00,2026-05-01T15:28:52-07:00,0,10
style.css,156,css,db5b6c8c,Roman,2026-05-01,15:28:52,-07:00,2026-05-01T15:28:52-07:00,1,10
style.css,157,css,db5b6c8c,Roman,2026-05-01,15:28:52,-07:00,2026-05-01T15:28:52-07:00,1,16
style.css,158,css,db5b6c8c,Roman,2026-05-01,15:28:52,-07:00,2026-05-01T15:28:52-07:00,1,7
style.css,159,css,db5b6c8c,Roman,2026-05-01,15:28:52,-07:00,2026-05-01T15:28:52-07:00,0,0
style.css,160,css,db5b6c8c,Roman,2026-05-01,15:28:52,-07:00,2026-05-01T15:28:52-07:00,0,0
style.css,161,css,db5b6c8c,Roman,2026-05-01,15:28:52,-07:00,2026-05-01T15:28:52-07:00,0,5
style.css,162,css,db5b6c8c,Roman,2026-05-01,15:28:52,-07:00,2026-05-01T15:28:52-07:00,1,18
style.css,163,css,db5b6c8c,Roman,2026-05-01,15:28:52,-07:00,2026-05-01T15:28:52-07:00,1,7
style.css,164,css,db5b6c8c,Roman,2026-05-01,15:28:52,-07:00,2026-05-01T15:28:52-07:00,1,8
style.css,165,css,db5b6c8c,Roman,2026-05-01,15:28:52,-07:00,2026-05-01T15:28:52-07:00,1,16
style.css,166,css,db5b6c8c,Roman,2026-05-01,15:28:52,-07:00,2026-05-01T15:28:52-07:00,1,27
style.css,167,css,db5b6c8c,Roman,2026-05-01,15:28:52,-07:00,2026-05-01T15:28:52-07:00,1,15
style.css,168,css,db5b6c8c,Roman,2026-05-01,15:28:52,-07:00,2026-05-01T15:28:52-07:00,0,0
style.css,169,css,db5b6c8c,Roman,2026-05-01,15:28:52,-07:00,2026-05-01T15:28:52-07:00,0,0
style.css,170,css,db5b6c8c,Roman,2026-05-01,15:28:52,-07:00,2026-05-01T15:28:52-07:00,0,14
style.css,171,css,db5b6c8c,Roman,2026-05-01,15:28:52,-07:00,2026-05-01T15:28:52-07:00,0,11
style.css,172,css,db5b6c8c,Roman,2026-05-01,15:28:52,-07:00,2026-05-01T15:28:52-07:00,1,28
style.css,173,css,db5b6c8c,Roman,2026-05-01,15:28:52,-07:00,2026-05-01T15:28:52-07:00,1,32
style.css,174,css,db5b6c8c,Roman,2026-05-01,15:28:52,-07:00,2026-05-01T15:28:52-07:00,1,8
style.css,175,css,db5b6c8c,Roman,2026-05-01,15:28:52,-07:00,2026-05-01T15:28:52-07:00,0,0
style.css,176,css,db5b6c8c,Roman,2026-05-01,15:28:52,-07:00,2026-05-01T15:28:52-07:00,0,0
style.css,177,css,db5b6c8c,Roman,2026-05-01,15:28:52,-07:00,2026-05-01T15:28:52-07:00,0,16
style.css,178,css,db5b6c8c,Roman,2026-05-01,15:28:52,-07:00,2026-05-01T15:28:52-07:00,0,15
style.css,179,css,db5b6c8c,Roman,2026-05-01,15:28:52,-07:00,2026-05-01T15:28:52-07:00,1,13
style.css,180,css,db5b6c8c,Roman,2026-05-01,15:28:52,-07:00,2026-05-01T15:28:52-07:00,1,24
style.css,181,css,db5b6c8c,Roman,2026-05-01,15:28:52,-07:00,2026-05-01T15:28:52-07:00,0,0
style.css,182,css,db5b6c8c,Roman,2026-05-01,15:28:52,-07:00,2026-05-01T15:28:52-07:00,0,0
style.css,183,css,db5b6c8c,Roman,2026-05-01,15:28:52,-07:00,2026-05-01T15:28:52-07:00,0,25
style.css,184,css,db5b6c8c,Roman,2026-05-01,15:28:52,-07:00,2026-05-01T15:28:52-07:00,0,34
style.css,185,css,db5b6c8c,Roman,2026-05-01,15:28:52,-07:00,2026-05-01T15:28:52-07:00,1,9
style.css,186,css,db5b6c8c,Roman,2026-05-01,15:28:52,-07:00,2026-05-01T15:28:52-07:00,0,0
style.css,187,css,db5b6c8c,Roman,2026-05-01,15:28:52,-07:00,2026-05-01T15:28:52-07:00,0,0
style.css,188,css,db5b6c8c,Roman,2026-05-01,15:28:52,-07:00,2026-05-01T15:28:52-07:00,0,2
style.css,189,css,db5b6c8c,Roman,2026-05-01,15:28:52,-07:00,2026-05-01T15:28:52-07:00,1,14
style.css,190,css,db5b6c8c,Roman,2026-05-01,15:28:52,-07:00,2026-05-01T15:28:52-07:00,1,12
style.css,191,css,db5b6c8c,Roman,2026-05-01,15:28:52,-07:00,2026-05-01T15:28:52-07:00,0,0
style.css,192,css,db5b6c8c,Roman,2026-05-01,15:28:52,-07:00,2026-05-01T15:28:52-07:00,0,0
style.css,193,css,db5b6c8c,Roman,2026-05-01,15:28:52,-07:00,2026-05-01T15:28:52-07:00,0,7
style.css,194,css,db5b6c8c,Roman,2026-05-01,15:28:52,-07:00,2026-05-01T15:28:52-07:00,1,33
style.css,195,css,db5b6c8c,Roman,2026-05-01,15:28:52,-07:00,2026-05-01T15:28:52-07:00,0,0
style.css,196,css,db5b6c8c,Roman,2026-05-01,15:28:52,-07:00,2026-05-01T15:28:52-07:00,0,0
style.css,197,css,db5b6c8c,Roman,2026-05-01,15:28:52,-07:00,2026-05-01T15:28:52-07:00,0,16
style.css,198,css,db5b6c8c,Roman,2026-05-01,15:28:52,-07:00,2026-05-01T15:28:52-07:00,1,19
style.css,199,css,db5b6c8c,Roman,2026-05-01,15:28:52,-07:00,2026-05-01T15:28:52-07:00,0,0
style.css,200,css,db5b6c8c,Roman,2026-05-01,15:28:52,-07:00,2026-05-01T15:28:52-07:00,0,0
style.css,201,css,db5b6c8c,Roman,2026-05-01,15:28:52,-07:00,2026-05-01T15:28:52-07:00,0,12
style.css,202,css,db5b6c8c,Roman,2026-05-01,15:28:52,-07:00,2026-05-01T15:28:52-07:00,0,8
style.css,203,css,db5b6c8c,Roman,2026-05-01,15:28:52,-07:00,2026-05-01T15:28:52-07:00,1,8
style.css,204,css,db5b6c8c,Roman,2026-05-01,15:28:52,-07:00,2026-05-01T15:28:52-07:00,1,11
style.css,205,css,db5b6c8c,Roman,2026-05-01,15:28:52,-07:00,2026-05-01T15:28:52-07:00,1,15
style.css,206,css,db5b6c8c,Roman,2026-05-01,15:28:52,-07:00,2026-05-01T15:28:52-07:00,1,10
style.css,207,css,db5b6c8c,Roman,2026-05-01,15:28:52,-07:00,2026-05-01T15:28:52-07:00,1,19
style.css,208,css,00000000,Not Committed Yet,2026-05-08,15:02:23,-07:00,2026-05-08T15:02:23-07:00,0,0
style.css,209,css,00000000,Not Committed Yet,2026-05-08,15:02:23,-07:00,2026-05-08T15:02:23-07:00,0,0
style.css,210,css,00000000,Not Committed Yet,2026-05-08,15:02:23,-07:00,2026-05-08T15:02:23-07:00,0,4
style.css,211,css,00000000,Not Committed Yet,2026-05-08,15:02:23,-07:00,2026-05-08T15:02:23-07:00,1,10
style.css,212,css,00000000,Not Committed Yet,2026-05-08,15:02:23,-07:00,2026-05-08T15:02:23-07:00,1,54
style.css,213,css,00000000,Not Committed Yet,2026-05-08,15:02:23,-07:00,2026-05-08T15:02:23-07:00,1,14
style.css,214,css,00000000,Not Committed Yet,2026-05-08,15:02:23,-07:00,2026-05-08T15:02:23-07:00,1,11
style.css,215,css,00000000,Not Committed Yet,2026-05-08,15:02:23,-07:00,2026-05-08T15:02:23-07:00,0,0
style.css,216,css,00000000,Not Committed Yet,2026-05-08,15:02:23,-07:00,2026-05-08T15:02:23-07:00,0,0
style.css,217,css,00000000,Not Committed Yet,2026-05-08,15:02:23,-07:00,2026-05-08T15:02:23-07:00,0,7
style.css,218,css,00000000,Not Committed Yet,2026-05-08,15:02:23,-07:00,2026-05-08T15:02:23-07:00,1,8
style.css,219,css,00000000,Not Committed Yet,2026-05-08,15:02:23,-07:00,2026-05-08T15:02:23-07:00,1,13
style.css,220,css,00000000,Not Committed Yet,2026-05-08,15:02:23,-07:00,2026-05-08T15:02:23-07:00,1,22
style.css,221,css,00000000,Not Committed Yet,2026-05-08,15:02:23,-07:00,2026-05-08T15:02:23-07:00,1,8
style.css,222,css,00000000,Not Committed Yet,2026-05-08,15:02:23,-07:00,2026-05-08T15:02:23-07:00,1,6
style.css,223,css,00000000,Not Committed Yet,2026-05-08,15:02:23,-07:00,2026-05-08T15:02:23-07:00,0,0
style.css,224,css,00000000,Not Committed Yet,2026-05-08,15:02:23,-07:00,2026-05-08T15:02:23-07:00,0,0
style.css,225,css,00000000,Not Committed Yet,2026-05-08,15:02:23,-07:00,2026-05-08T15:02:23-07:00,0,7
style.css,226,css,00000000,Not Committed Yet,2026-05-08,15:02:23,-07:00,2026-05-08T15:02:23-07:00,1,8
style.css,227,css,00000000,Not Committed Yet,2026-05-08,15:02:23,-07:00,2026-05-08T15:02:23-07:00,1,11
style.css,228,css,00000000,Not Committed Yet,2026-05-08,15:02:23,-07:00,2026-05-08T15:02:23-07:00,1,14
style.css,229,css,00000000,Not Committed Yet,2026-05-08,15:02:23,-07:00,2026-05-08T15:02:23-07:00,1,6
style.css,230,css,00000000,Not Committed Yet,2026-05-08,15:02:23,-07:00,2026-05-08T15:02:23-07:00,0,0
style.css,231,css,00000000,Not Committed Yet,2026-05-08,15:02:23,-07:00,2026-05-08T15:02:23-07:00,0,0
style.css,232,css,00000000,Not Committed Yet,2026-05-08,15:02:23,-07:00,2026-05-08T15:02:23-07:00,0,9
style.css,233,css,00000000,Not Committed Yet,2026-05-08,15:02:23,-07:00,2026-05-08T15:02:23-07:00,1,18
style.css,234,css,00000000,Not Committed Yet,2026-05-08,15:02:23,-07:00,2026-05-08T15:02:23-07:00,0,0
style.css,235,css,00000000,Not Committed Yet,2026-05-08,15:02:23,-07:00,2026-05-08T15:02:23-07:00,0,0
style.css,236,css,00000000,Not Committed Yet,2026-05-08,15:02:23,-07:00,2026-05-08T15:02:23-07:00,0,13
style.css,237,css,00000000,Not Committed Yet,2026-05-08,15:02:23,-07:00,2026-05-08T15:02:23-07:00,0,8
style.css,238,css,00000000,Not Committed Yet,2026-05-08,15:02:23,-07:00,2026-05-08T15:02:23-07:00,1,14
style.css,239,css,00000000,Not Committed Yet,2026-05-08,15:02:23,-07:00,2026-05-08T15:02:23-07:00,0,0
style.css,240,css,00000000,Not Committed Yet,2026-05-08,15:02:23,-07:00,2026-05-08T15:02:23-07:00,0,0
style.css,241,css,00000000,Not Committed Yet,2026-05-08,15:02:23,-07:00,2026-05-08T15:02:23-07:00,0,13
style.css,242,css,00000000,Not Committed Yet,2026-05-08,15:02:23,-07:00,2026-05-08T15:02:23-07:00,1,29
style.css,243,css,00000000,Not Committed Yet,2026-05-08,15:02:23,-07:00,2026-05-08T15:02:23-07:00,0,0
style.css,244,css,00000000,Not Committed Yet,2026-05-08,15:02:23,-07:00,2026-05-08T15:02:23-07:00,0,0
style.css,245,css,00000000,Not Committed Yet,2026-05-08,15:02:23,-07:00,2026-05-08T15:02:23-07:00,0,13
style.css,246,css,00000000,Not Committed Yet,2026-05-08,15:02:23,-07:00,2026-05-08T15:02:23-07:00,1,10
style.css,247,css,00000000,Not Committed Yet,2026-05-08,15:02:23,-07:00,2026-05-08T15:02:23-07:00,0,0
style.css,248,css,00000000,Not Committed Yet,2026-05-08,15:02:23,-07:00,2026-05-08T15:02:23-07:00,0,0
style.css,249,css,00000000,Not Committed Yet,2026-05-08,15:02:23,-07:00,2026-05-08T15:02:23-07:00,0,4
style.css,250,css,00000000,Not Committed Yet,2026-05-08,15:02:23,-07:00,2026-05-08T15:02:23-07:00,1,14
style.css,251,css,00000000,Not Committed Yet,2026-05-08,15:02:23,-07:00,2026-05-08T15:02:23-07:00,1,21
style.css,252,css,00000000,Not Committed Yet,2026-05-08,15:02:23,-07:00,2026-05-08T15:02:23-07:00,1,20
style.css,253,css,00000000,Not Committed Yet,2026-05-08,15:02:23,-07:00,2026-05-08T15:02:23-07:00,0,0
style.css,254,css,00000000,Not Committed Yet,2026-05-08,15:02:23,-07:00,2026-05-08T15:02:23-07:00,0,0
style.css,255,css,00000000,Not Committed Yet,2026-05-08,15:02:23,-07:00,2026-05-08T15:02:23-07:00,0,10
style.css,256,css,00000000,Not Committed Yet,2026-05-08,15:02:23,-07:00,2026-05-08T15:02:23-07:00,1,18
style.css,257,css,00000000,Not Committed Yet,2026-05-08,15:02:23,-07:00,2026-05-08T15:02:23-07:00,0,0
style.css,258,css,00000000,Not Committed Yet,2026-05-08,15:02:23,-07:00,2026-05-08T15:02:23-07:00,0,0
style.css,259,css,00000000,Not Committed Yet,2026-05-08,15:02:23,-07:00,2026-05-08T15:02:23-07:00,0,13
style.css,260,css,00000000,Not Committed Yet,2026-05-08,15:02:23,-07:00,2026-05-08T15:02:23-07:00,1,10
style.css,261,css,00000000,Not Committed Yet,2026-05-08,15:02:23,-07:00,2026-05-08T15:02:23-07:00,0,0
style.css,262,css,00000000,Not Committed Yet,2026-05-08,15:02:23,-07:00,2026-05-08T15:02:23-07:00,0,0
style.css,263,css,00000000,Not Committed Yet,2026-05-08,15:02:23,-07:00,2026-05-08T15:02:23-07:00,0,0
style.css,264,css,00000000,Not Committed Yet,2026-05-08,15:02:23,-07:00,2026-05-08T15:02:23-07:00,0,5
style.css,265,css,00000000,Not Committed Yet,2026-05-08,15:02:23,-07:00,2026-05-08T15:02:23-07:00,1,10
style.css,266,css,00000000,Not Committed Yet,2026-05-08,15:02:23,-07:00,2026-05-08T15:02:23-07:00,1,28
style.css,267,css,00000000,Not Committed Yet,2026-05-08,15:02:23,-07:00,2026-05-08T15:02:23-07:00,1,11
style.css,268,css,00000000,Not Committed Yet,2026-05-08,15:02:23,-07:00,2026-05-08T15:02:23-07:00,1,6
style.css,269,css,00000000,Not Committed Yet,2026-05-08,15:02:23,-07:00,2026-05-08T15:02:23-07:00,1,9
style.css,270,css,00000000,Not Committed Yet,2026-05-08,15:02:23,-07:00,2026-05-08T15:02:23-07:00,1,59
style.css,271,css,00000000,Not Committed Yet,2026-05-08,15:02:23,-07:00,2026-05-08T15:02:23-07:00,1,23
style.css,272,css,00000000,Not Committed Yet,2026-05-08,15:02:23,-07:00,2026-05-08T15:02:23-07:00,1,42
style.css,273,css,00000000,Not Committed Yet,2026-05-08,15:02:23,-07:00,2026-05-08T15:02:23-07:00,1,17
style.css,274,css,00000000,Not Committed Yet,2026-05-08,15:02:23,-07:00,2026-05-08T15:02:23-07:00,1,23
style.css,275,css,00000000,Not Committed Yet,2026-05-08,15:02:23,-07:00,2026-05-08T15:02:23-07:00,1,37
style.css,276,css,00000000,Not Committed Yet,2026-05-08,15:02:23,-07:00,2026-05-08T15:02:23-07:00,0,0
style.css,277,css,00000000,Not Committed Yet,2026-05-08,15:02:23,-07:00,2026-05-08T15:02:23-07:00,0,0
style.css,278,css,00000000,Not Committed Yet,2026-05-08,15:02:23,-07:00,2026-05-08T15:02:23-07:00,0,8
style.css,279,css,00000000,Not Committed Yet,2026-05-08,15:02:23,-07:00,2026-05-08T15:02:23-07:00,1,52
style.css,280,css,00000000,Not Committed Yet,2026-05-08,15:02:23,-07:00,2026-05-08T15:02:23-07:00,1,14
style.css,281,css,00000000,Not Committed Yet,2026-05-08,15:02:23,-07:00,2026-05-08T15:02:23-07:00,1,22
style.css,282,css,00000000,Not Committed Yet,2026-05-08,15:02:23,-07:00,2026-05-08T15:02:23-07:00,1,6
style.css,283,css,00000000,Not Committed Yet,2026-05-08,15:02:23,-07:00,2026-05-08T15:02:23-07:00,0,0
style.css,284,css,00000000,Not Committed Yet,2026-05-08,15:02:23,-07:00,2026-05-08T15:02:23-07:00,0,0
style.css,285,css,00000000,Not Committed Yet,2026-05-08,15:02:23,-07:00,2026-05-08T15:02:23-07:00,0,8
style.css,286,css,00000000,Not Committed Yet,2026-05-08,15:02:23,-07:00,2026-05-08T15:02:23-07:00,1,6
style.css,287,css,00000000,Not Committed Yet,2026-05-08,15:02:23,-07:00,2026-05-08T15:02:23-07:00,1,13
style.css,288,css,00000000,Not Committed Yet,2026-05-08,15:02:23,-07:00,2026-05-08T15:02:23-07:00,0,0
style.css,289,css,00000000,Not Committed Yet,2026-05-08,15:02:23,-07:00,2026-05-08T15:02:23-07:00,0,0
style.css,290,css,00000000,Not Committed Yet,2026-05-08,15:02:23,-07:00,2026-05-08T15:02:23-07:00,0,40
style.css,291,css,00000000,Not Committed Yet,2026-05-08,15:02:23,-07:00,2026-05-08T15:02:23-07:00,1,7
style.css,292,css,00000000,Not Committed Yet,2026-05-08,15:02:23,-07:00,2026-05-08T15:02:23-07:00,1,15
style.css,293,css,00000000,Not Committed Yet,2026-05-08,15:02:23,-07:00,2026-05-08T15:02:23-07:00,0,0
style.css,294,css,00000000,Not Committed Yet,2026-05-08,15:02:23,-07:00,2026-05-08T15:02:23-07:00,0,0
style.css,295,css,00000000,Not Committed Yet,2026-05-08,15:02:23,-07:00,2026-05-08T15:02:23-07:00,0,6
style.css,296,css,00000000,Not Committed Yet,2026-05-08,15:02:23,-07:00,2026-05-08T15:02:23-07:00,1,12
style.css,297,css,00000000,Not Committed Yet,2026-05-08,15:02:23,-07:00,2026-05-08T15:02:23-07:00,1,5
style.css,298,css,00000000,Not Committed Yet,2026-05-08,15:02:23,-07:00,2026-05-08T15:02:23-07:00,1,6
style.css,299,css,00000000,Not Committed Yet,2026-05-08,15:02:23,-07:00,2026-05-08T15:02:23-07:00,0,0
style.css,300,css,00000000,Not Committed Yet,2026-05-08,15:02:23,-07:00,2026-05-08T15:02:23-07:00,0,0
style.css,301,css,00000000,Not Committed Yet,2026-05-08,15:02:23,-07:00,2026-05-08T15:02:23-07:00,0,22
style.css,302,css,00000000,Not Committed Yet,2026-05-08,15:02:23,-07:00,2026-05-08T15:02:23-07:00,1,0
style.css,303,css,00000000,Not Committed Yet,2026-05-08,15:02:23,-07:00,2026-05-08T15:02:23-07:00,2,18
style.css,304,css,00000000,Not Committed Yet,2026-05-08,15:02:23,-07:00,2026-05-08T15:02:23-07:00,1,0
style.css,305,css,00000000,Not Committed Yet,2026-05-08,15:02:23,-07:00,2026-05-08T15:02:23-07:00,0,0
style.css,306,css,00000000,Not Committed Yet,2026-05-08,15:02:23,-07:00,2026-05-08T15:02:23-07:00,0,0
style.css,307,css,00000000,Not Committed Yet,2026-05-08,15:02:23,-07:00,2026-05-08T15:02:23-07:00,0,8
style.css,308,css,00000000,Not Committed Yet,2026-05-08,15:02:23,-07:00,2026-05-08T15:02:23-07:00,1,14
style.css,309,css,00000000,Not Committed Yet,2026-05-08,15:02:23,-07:00,2026-05-08T15:02:23-07:00,1,15
style.css,310,css,00000000,Not Committed Yet,2026-05-08,15:02:23,-07:00,2026-05-08T15:02:23-07:00,1,16
style.css,311,css,00000000,Not Committed Yet,2026-05-08,15:02:23,-07:00,2026-05-08T15:02:23-07:00,1,18
style.css,312,css,00000000,Not Committed Yet,2026-05-08,15:02:23,-07:00,2026-05-08T15:02:23-07:00,1,40
style.css,313,css,c8823976,Roman,2026-04-02,18:43:48,-07:00,2026-04-02T18:43:48-07:00,0,0
index.js,1,js,209d4cba,Roman,2026-04-24,20:37:20,-07:00,2026-04-24T20:37:20-07:00,0,69
index.js,2,js,209d4cba,Roman,2026-04-24,20:37:20,-07:00,2026-04-24T20:37:20-07:00,0,0
index.js,3,js,209d4cba,Roman,2026-04-24,20:37:20,-07:00,2026-04-24T20:37:20-07:00,0,52
index.js,4,js,209d4cba,Roman,2026-04-24,20:37:20,-07:00,2026-04-24T20:37:20-07:00,0,40
index.js,5,js,209d4cba,Roman,2026-04-24,20:37:20,-07:00,2026-04-24T20:37:20-07:00,0,0
index.js,6,js,209d4cba,Roman,2026-04-24,20:37:20,-07:00,2026-04-24T20:37:20-07:00,0,58
index.js,7,js,209d4cba,Roman,2026-04-24,20:37:20,-07:00,2026-04-24T20:37:20-07:00,0,52
index.js,8,js,209d4cba,Roman,2026-04-24,20:37:20,-07:00,2026-04-24T20:37:20-07:00,0,0
index.js,9,js,209d4cba,Roman,2026-04-24,20:37:20,-07:00,2026-04-24T20:37:20-07:00,0,51
index.js,10,js,209d4cba,Roman,2026-04-24,20:37:20,-07:00,2026-04-24T20:37:20-07:00,0,0
index.js,11,js,209d4cba,Roman,2026-04-24,20:37:20,-07:00,2026-04-24T20:37:20-07:00,0,58
index.js,12,js,209d4cba,Roman,2026-04-24,20:37:20,-07:00,2026-04-24T20:37:20-07:00,0,15
index.js,13,js,209d4cba,Roman,2026-04-24,20:37:20,-07:00,2026-04-24T20:37:20-07:00,1,22
index.js,14,js,209d4cba,Roman,2026-04-24,20:37:20,-07:00,2026-04-24T20:37:20-07:00,2,0
index.js,15,js,209d4cba,Roman,2026-04-24,20:37:20,-07:00,2026-04-24T20:37:20-07:00,3,53
index.js,16,js,209d4cba,Roman,2026-04-24,20:37:20,-07:00,2026-04-24T20:37:20-07:00,3,53
index.js,17,js,209d4cba,Roman,2026-04-24,20:37:20,-07:00,2026-04-24T20:37:20-07:00,3,47
index.js,18,js,209d4cba,Roman,2026-04-24,20:37:20,-07:00,2026-04-24T20:37:20-07:00,3,47
index.js,19,js,209d4cba,Roman,2026-04-24,20:37:20,-07:00,2026-04-24T20:37:20-07:00,2,1
index.js,20,js,209d4cba,Roman,2026-04-24,20:37:20,-07:00,2026-04-24T20:37:20-07:00,1,0
index.js,21,js,209d4cba,Roman,2026-04-24,20:37:20,-07:00,2026-04-24T20:37:20-07:00,0,0
index.html,1,html,6e4c862d,Roman,2026-04-02,17:25:19,-07:00,2026-04-02T17:25:19-07:00,0,11
index.html,2,html,6e4c862d,Roman,2026-04-02,17:25:19,-07:00,2026-04-02T17:25:19-07:00,0,12
index.html,3,html,6e4c862d,Roman,2026-04-02,17:25:19,-07:00,2026-04-02T17:25:19-07:00,0,2
index.html,4,html,6e4c862d,Roman,2026-04-02,17:25:19,-07:00,2026-04-02T17:25:19-07:00,1,18
index.html,5,html,6e4c862d,Roman,2026-04-02,17:25:19,-07:00,2026-04-02T17:25:19-07:00,1,66
index.html,6,html,6e4c862d,Roman,2026-04-02,17:25:19,-07:00,2026-04-02T17:25:19-07:00,1,53
index.html,7,html,8d10ff71,Roman,2026-04-10,22:21:19,-07:00,2026-04-10T22:21:19-07:00,1,36
index.html,8,html,ada352e4,Roman,2026-04-17,15:13:45,-07:00,2026-04-17T15:13:45-07:00,1,43
index.html,9,html,209d4cba,Roman,2026-04-24,20:37:20,-07:00,2026-04-24T20:37:20-07:00,1,48
index.html,10,html,8d10ff71,Roman,2026-04-10,22:21:19,-07:00,2026-04-10T22:21:19-07:00,0,3
index.html,11,html,8d10ff71,Roman,2026-04-10,22:21:19,-07:00,2026-04-10T22:21:19-07:00,0,2
index.html,12,html,8d10ff71,Roman,2026-04-10,22:21:19,-07:00,2026-04-10T22:21:19-07:00,1,18
index.html,13,html,8d10ff71,Roman,2026-04-10,22:21:19,-07:00,2026-04-10T22:21:19-07:00,1,45
index.html,14,html,8d10ff71,Roman,2026-04-10,22:21:19,-07:00,2026-04-10T22:21:19-07:00,1,81
index.html,15,html,209d4cba,Roman,2026-04-24,20:37:20,-07:00,2026-04-24T20:37:20-07:00,0,0
index.html,16,html,209d4cba,Roman,2026-04-24,20:37:20,-07:00,2026-04-24T20:37:20-07:00,1,20
index.html,17,html,209d4cba,Roman,2026-04-24,20:37:20,-07:00,2026-04-24T20:37:20-07:00,1,26
index.html,18,html,209d4cba,Roman,2026-04-24,20:37:20,-07:00,2026-04-24T20:37:20-07:00,0,0
index.html,19,html,209d4cba,Roman,2026-04-24,20:37:20,-07:00,2026-04-24T20:37:20-07:00,1,20
index.html,20,html,209d4cba,Roman,2026-04-24,20:37:20,-07:00,2026-04-24T20:37:20-07:00,1,24
index.html,21,html,6e4c862d,Roman,2026-04-02,17:25:19,-07:00,2026-04-02T17:25:19-07:00,0,3
index.html,22,html,6e4c862d,Roman,2026-04-02,17:25:19,-07:00,2026-04-02T17:25:19-07:00,0,3
global.js,1,js,ada352e4,Roman,2026-04-17,15:13:45,-07:00,2026-04-17T15:13:45-07:00,0,23
global.js,2,js,ada352e4,Roman,2026-04-17,15:13:45,-07:00,2026-04-17T15:13:45-07:00,0,0
global.js,3,js,ada352e4,Roman,2026-04-17,15:13:45,-07:00,2026-04-17T15:13:45-07:00,0,39
global.js,4,js,ada352e4,Roman,2026-04-17,15:13:45,-07:00,2026-04-17T15:13:45-07:00,1,50
global.js,5,js,ada352e4,Roman,2026-04-17,15:13:45,-07:00,2026-04-17T15:13:45-07:00,0,0
global.js,6,js,ada352e4,Roman,2026-04-17,15:13:45,-07:00,2026-04-17T15:13:45-07:00,0,0
global.js,7,js,209d4cba,Roman,2026-04-24,20:37:20,-07:00,2026-04-24T20:37:20-07:00,0,34
global.js,8,js,209d4cba,Roman,2026-04-24,20:37:20,-07:00,2026-04-24T20:37:20-07:00,1,1
global.js,9,js,209d4cba,Roman,2026-04-24,20:37:20,-07:00,2026-04-24T20:37:20-07:00,2,30
global.js,10,js,209d4cba,Roman,2026-04-24,20:37:20,-07:00,2026-04-24T20:37:20-07:00,2,15
global.js,11,js,209d4cba,Roman,2026-04-24,20:37:20,-07:00,2026-04-24T20:37:20-07:00,3,64
global.js,12,js,209d4cba,Roman,2026-04-24,20:37:20,-07:00,2026-04-24T20:37:20-07:00,2,0
global.js,13,js,209d4cba,Roman,2026-04-24,20:37:20,-07:00,2026-04-24T20:37:20-07:00,2,31
global.js,14,js,209d4cba,Roman,2026-04-24,20:37:20,-07:00,2026-04-24T20:37:20-07:00,2,8
global.js,15,js,209d4cba,Roman,2026-04-24,20:37:20,-07:00,2026-04-24T20:37:20-07:00,1,13
global.js,16,js,209d4cba,Roman,2026-04-24,20:37:20,-07:00,2026-04-24T20:37:20-07:00,2,57
global.js,17,js,209d4cba,Roman,2026-04-24,20:37:20,-07:00,2026-04-24T20:37:20-07:00,1,0
global.js,18,js,209d4cba,Roman,2026-04-24,20:37:20,-07:00,2026-04-24T20:37:20-07:00,0,0
global.js,19,js,209d4cba,Roman,2026-04-24,20:37:20,-07:00,2026-04-24T20:37:20-07:00,0,0
global.js,20,js,209d4cba,Roman,2026-04-24,20:37:20,-07:00,2026-04-24T20:37:20-07:00,0,77
global.js,21,js,209d4cba,Roman,2026-04-24,20:37:20,-07:00,2026-04-24T20:37:20-07:00,1,28
global.js,22,js,209d4cba,Roman,2026-04-24,20:37:20,-07:00,2026-04-24T20:37:20-07:00,1,27
global.js,23,js,209d4cba,Roman,2026-04-24,20:37:20,-07:00,2026-04-24T20:37:20-07:00,2,46
global.js,24,js,209d4cba,Roman,2026-04-24,20:37:20,-07:00,2026-04-24T20:37:20-07:00,2,17
global.js,25,js,209d4cba,Roman,2026-04-24,20:37:20,-07:00,2026-04-24T20:37:20-07:00,3,47
global.js,26,js,209d4cba,Roman,2026-04-24,20:37:20,-07:00,2026-04-24T20:37:20-07:00,3,47
global.js,27,js,db5b6c8c,Roman,2026-05-01,15:28:52,-07:00,2026-05-01T15:28:52-07:00,3,1
global.js,28,js,db5b6c8c,Roman,2026-05-01,15:28:52,-07:00,2026-05-01T15:28:52-07:00,4,25
global.js,29,js,db5b6c8c,Roman,2026-05-01,15:28:52,-07:00,2026-05-01T15:28:52-07:00,4,42
global.js,30,js,db5b6c8c,Roman,2026-05-01,15:28:52,-07:00,2026-05-01T15:28:52-07:00,3,2
global.js,31,js,209d4cba,Roman,2026-04-24,20:37:20,-07:00,2026-04-24T20:37:20-07:00,2,0
global.js,32,js,209d4cba,Roman,2026-04-24,20:37:20,-07:00,2026-04-24T20:37:20-07:00,2,34
global.js,33,js,209d4cba,Roman,2026-04-24,20:37:20,-07:00,2026-04-24T20:37:20-07:00,1,0
global.js,34,js,209d4cba,Roman,2026-04-24,20:37:20,-07:00,2026-04-24T20:37:20-07:00,0,0
global.js,35,js,209d4cba,Roman,2026-04-24,20:37:20,-07:00,2026-04-24T20:37:20-07:00,0,0
global.js,36,js,209d4cba,Roman,2026-04-24,20:37:20,-07:00,2026-04-24T20:37:20-07:00,0,45
global.js,37,js,209d4cba,Roman,2026-04-24,20:37:20,-07:00,2026-04-24T20:37:20-07:00,1,57
global.js,38,js,209d4cba,Roman,2026-04-24,20:37:20,-07:00,2026-04-24T20:37:20-07:00,0,0
global.js,39,js,209d4cba,Roman,2026-04-24,20:37:20,-07:00,2026-04-24T20:37:20-07:00,0,0
global.js,40,js,ada352e4,Roman,2026-04-17,15:13:45,-07:00,2026-04-17T15:13:45-07:00,0,86
global.js,41,js,ada352e4,Roman,2026-04-17,15:13:45,-07:00,2026-04-17T15:13:45-07:00,1,1
global.js,42,js,ada352e4,Roman,2026-04-17,15:13:45,-07:00,2026-04-17T15:13:45-07:00,1,25
global.js,43,js,ada352e4,Roman,2026-04-17,15:13:45,-07:00,2026-04-17T15:13:45-07:00,0,0
global.js,44,js,ada352e4,Roman,2026-04-17,15:13:45,-07:00,2026-04-17T15:13:45-07:00,0,9
global.js,45,js,ada352e4,Roman,2026-04-17,15:13:45,-07:00,2026-04-17T15:13:45-07:00,1,23
global.js,46,js,ada352e4,Roman,2026-04-17,15:13:45,-07:00,2026-04-17T15:13:45-07:00,1,36
global.js,47,js,ada352e4,Roman,2026-04-17,15:13:45,-07:00,2026-04-17T15:13:45-07:00,1,34
global.js,48,js,00000000,Not Committed Yet,2026-05-08,15:02:23,-07:00,2026-05-08T15:02:23-07:00,1,28
global.js,49,js,ada352e4,Roman,2026-04-17,15:13:45,-07:00,2026-04-17T15:13:45-07:00,1,54
global.js,50,js,ada352e4,Roman,2026-04-17,15:13:45,-07:00,2026-04-17T15:13:45-07:00,0,0
global.js,51,js,ada352e4,Roman,2026-04-17,15:13:45,-07:00,2026-04-17T15:13:45-07:00,0,0
global.js,52,js,ada352e4,Roman,2026-04-17,15:13:45,-07:00,2026-04-17T15:13:45-07:00,0,36
global.js,53,js,ada352e4,Roman,2026-04-17,15:13:45,-07:00,2026-04-17T15:13:45-07:00,0,23
global.js,54,js,ada352e4,Roman,2026-04-17,15:13:45,-07:00,2026-04-17T15:13:45-07:00,0,0
global.js,55,js,ada352e4,Roman,2026-04-17,15:13:45,-07:00,2026-04-17T15:13:45-07:00,0,18
global.js,56,js,ada352e4,Roman,2026-04-17,15:13:45,-07:00,2026-04-17T15:13:45-07:00,1,12
global.js,57,js,ada352e4,Roman,2026-04-17,15:13:45,-07:00,2026-04-17T15:13:45-07:00,1,16
global.js,58,js,ada352e4,Roman,2026-04-17,15:13:45,-07:00,2026-04-17T15:13:45-07:00,0,0
global.js,59,js,ada352e4,Roman,2026-04-17,15:13:45,-07:00,2026-04-17T15:13:45-07:00,1,26
global.js,60,js,ada352e4,Roman,2026-04-17,15:13:45,-07:00,2026-04-17T15:13:45-07:00,2,18
global.js,61,js,ada352e4,Roman,2026-04-17,15:13:45,-07:00,2026-04-17T15:13:45-07:00,1,0
global.js,62,js,ada352e4,Roman,2026-04-17,15:13:45,-07:00,2026-04-17T15:13:45-07:00,0,0
global.js,63,js,ada352e4,Roman,2026-04-17,15:13:45,-07:00,2026-04-17T15:13:45-07:00,1,32
global.js,64,js,ada352e4,Roman,2026-04-17,15:13:45,-07:00,2026-04-17T15:13:45-07:00,1,9
global.js,65,js,ada352e4,Roman,2026-04-17,15:13:45,-07:00,2026-04-17T15:13:45-07:00,1,18
global.js,66,js,ada352e4,Roman,2026-04-17,15:13:45,-07:00,2026-04-17T15:13:45-07:00,0,0
global.js,67,js,ada352e4,Roman,2026-04-17,15:13:45,-07:00,2026-04-17T15:13:45-07:00,1,63
global.js,68,js,ada352e4,Roman,2026-04-17,15:13:45,-07:00,2026-04-17T15:13:45-07:00,2,23
global.js,69,js,ada352e4,Roman,2026-04-17,15:13:45,-07:00,2026-04-17T15:13:45-07:00,1,0
global.js,70,js,ada352e4,Roman,2026-04-17,15:13:45,-07:00,2026-04-17T15:13:45-07:00,0,0
global.js,71,js,ada352e4,Roman,2026-04-17,15:13:45,-07:00,2026-04-17T15:13:45-07:00,1,27
global.js,72,js,ada352e4,Roman,2026-04-17,15:13:45,-07:00,2026-04-17T15:13:45-07:00,2,16
global.js,73,js,ada352e4,Roman,2026-04-17,15:13:45,-07:00,2026-04-17T15:13:45-07:00,1,0
global.js,74,js,ada352e4,Roman,2026-04-17,15:13:45,-07:00,2026-04-17T15:13:45-07:00,0,0
global.js,75,js,ada352e4,Roman,2026-04-17,15:13:45,-07:00,2026-04-17T15:13:45-07:00,1,10
global.js,76,js,ada352e4,Roman,2026-04-17,15:13:45,-07:00,2026-04-17T15:13:45-07:00,0,0
global.js,77,js,ada352e4,Roman,2026-04-17,15:13:45,-07:00,2026-04-17T15:13:45-07:00,0,0
global.js,78,js,ada352e4,Roman,2026-04-17,15:13:45,-07:00,2026-04-17T15:13:45-07:00,0,29
global.js,79,js,ada352e4,Roman,2026-04-17,15:13:45,-07:00,2026-04-17T15:13:45-07:00,1,9
global.js,80,js,ada352e4,Roman,2026-04-17,15:13:45,-07:00,2026-04-17T15:13:45-07:00,1,25
global.js,81,js,ada352e4,Roman,2026-04-17,15:13:45,-07:00,2026-04-17T15:13:45-07:00,2,2
global.js,82,js,ada352e4,Roman,2026-04-17,15:13:45,-07:00,2026-04-17T15:13:45-07:00,2,4
global.js,83,js,ada352e4,Roman,2026-04-17,15:13:45,-07:00,2026-04-17T15:13:45-07:00,3,41
global.js,84,js,ada352e4,Roman,2026-04-17,15:13:45,-07:00,2026-04-17T15:13:45-07:00,3,32
global.js,85,js,ada352e4,Roman,2026-04-17,15:13:45,-07:00,2026-04-17T15:13:45-07:00,3,30
global.js,86,js,ada352e4,Roman,2026-04-17,15:13:45,-07:00,2026-04-17T15:13:45-07:00,2,5
global.js,87,js,ada352e4,Roman,2026-04-17,15:13:45,-07:00,2026-04-17T15:13:45-07:00,1,5
global.js,88,js,ada352e4,Roman,2026-04-17,15:13:45,-07:00,2026-04-17T15:13:45-07:00,0,0
global.js,89,js,ada352e4,Roman,2026-04-17,15:13:45,-07:00,2026-04-17T15:13:45-07:00,0,0
global.js,90,js,ada352e4,Roman,2026-04-17,15:13:45,-07:00,2026-04-17T15:13:45-07:00,0,58
global.js,91,js,ada352e4,Roman,2026-04-17,15:13:45,-07:00,2026-04-17T15:13:45-07:00,0,0
global.js,92,js,ada352e4,Roman,2026-04-17,15:13:45,-07:00,2026-04-17T15:13:45-07:00,0,32
global.js,93,js,ada352e4,Roman,2026-04-17,15:13:45,-07:00,2026-04-17T15:13:45-07:00,1,37
global.js,94,js,ada352e4,Roman,2026-04-17,15:13:45,-07:00,2026-04-17T15:13:45-07:00,0,0
global.js,95,js,ada352e4,Roman,2026-04-17,15:13:45,-07:00,2026-04-17T15:13:45-07:00,0,0
global.js,96,js,ada352e4,Roman,2026-04-17,15:13:45,-07:00,2026-04-17T15:13:45-07:00,0,47
global.js,97,js,ada352e4,Roman,2026-04-17,15:13:45,-07:00,2026-04-17T15:13:45-07:00,1,31
global.js,98,js,ada352e4,Roman,2026-04-17,15:13:45,-07:00,2026-04-17T15:13:45-07:00,1,42
global.js,99,js,ada352e4,Roman,2026-04-17,15:13:45,-07:00,2026-04-17T15:13:45-07:00,0,0
global.js,100,js,ada352e4,Roman,2026-04-17,15:13:45,-07:00,2026-04-17T15:13:45-07:00,0,0
global.js,101,js,ada352e4,Roman,2026-04-17,15:13:45,-07:00,2026-04-17T15:13:45-07:00,0,29
global.js,102,js,ada352e4,Roman,2026-04-17,15:13:45,-07:00,2026-04-17T15:13:45-07:00,1,63
global.js,103,js,ada352e4,Roman,2026-04-17,15:13:45,-07:00,2026-04-17T15:13:45-07:00,1,18
global.js,104,js,ada352e4,Roman,2026-04-17,15:13:45,-07:00,2026-04-17T15:13:45-07:00,0,0
projects\projects.js,1,js,209d4cba,Roman,2026-04-24,20:37:20,-07:00,2026-04-24T20:37:20-07:00,0,53
projects\projects.js,2,js,db5b6c8c,Roman,2026-05-01,15:28:52,-07:00,2026-05-01T15:28:52-07:00,0,61
projects\projects.js,3,js,209d4cba,Roman,2026-04-24,20:37:20,-07:00,2026-04-24T20:37:20-07:00,0,0
projects\projects.js,4,js,209d4cba,Roman,2026-04-24,20:37:20,-07:00,2026-04-24T20:37:20-07:00,0,53
projects\projects.js,5,js,209d4cba,Roman,2026-04-24,20:37:20,-07:00,2026-04-24T20:37:20-07:00,0,0
projects\projects.js,6,js,209d4cba,Roman,2026-04-24,20:37:20,-07:00,2026-04-24T20:37:20-07:00,0,60
projects\projects.js,7,js,209d4cba,Roman,2026-04-24,20:37:20,-07:00,2026-04-24T20:37:20-07:00,0,16
projects\projects.js,8,js,209d4cba,Roman,2026-04-24,20:37:20,-07:00,2026-04-24T20:37:20-07:00,1,54
projects\projects.js,9,js,209d4cba,Roman,2026-04-24,20:37:20,-07:00,2026-04-24T20:37:20-07:00,0,0
projects\projects.js,10,js,209d4cba,Roman,2026-04-24,20:37:20,-07:00,2026-04-24T20:37:20-07:00,0,0
projects\projects.js,11,js,209d4cba,Roman,2026-04-24,20:37:20,-07:00,2026-04-24T20:37:20-07:00,0,58
projects\projects.js,12,js,db5b6c8c,Roman,2026-05-01,15:28:52,-07:00,2026-05-01T15:28:52-07:00,0,46
projects\projects.js,13,js,db5b6c8c,Roman,2026-05-01,15:28:52,-07:00,2026-05-01T15:28:52-07:00,0,0
projects\projects.js,14,js,db5b6c8c,Roman,2026-05-01,15:28:52,-07:00,2026-05-01T15:28:52-07:00,0,8
projects\projects.js,15,js,db5b6c8c,Roman,2026-05-01,15:28:52,-07:00,2026-05-01T15:28:52-07:00,0,0
projects\projects.js,16,js,db5b6c8c,Roman,2026-05-01,15:28:52,-07:00,2026-05-01T15:28:52-07:00,0,55
projects\projects.js,17,js,db5b6c8c,Roman,2026-05-01,15:28:52,-07:00,2026-05-01T15:28:52-07:00,0,45
projects\projects.js,18,js,db5b6c8c,Roman,2026-05-01,15:28:52,-07:00,2026-05-01T15:28:52-07:00,0,19
projects\projects.js,19,js,db5b6c8c,Roman,2026-05-01,15:28:52,-07:00,2026-05-01T15:28:52-07:00,0,0
projects\projects.js,20,js,db5b6c8c,Roman,2026-05-01,15:28:52,-07:00,2026-05-01T15:28:52-07:00,0,36
projects\projects.js,21,js,db5b6c8c,Roman,2026-05-01,15:28:52,-07:00,2026-05-01T15:28:52-07:00,1,19
projects\projects.js,22,js,db5b6c8c,Roman,2026-05-01,15:28:52,-07:00,2026-05-01T15:28:52-07:00,1,27
projects\projects.js,23,js,db5b6c8c,Roman,2026-05-01,15:28:52,-07:00,2026-05-01T15:28:52-07:00,2,10
projects\projects.js,24,js,db5b6c8c,Roman,2026-05-01,15:28:52,-07:00,2026-05-01T15:28:52-07:00,2,12
projects\projects.js,25,js,db5b6c8c,Roman,2026-05-01,15:28:52,-07:00,2026-05-01T15:28:52-07:00,2,10
projects\projects.js,26,js,db5b6c8c,Roman,2026-05-01,15:28:52,-07:00,2026-05-01T15:28:52-07:00,1,0
projects\projects.js,27,js,db5b6c8c,Roman,2026-05-01,15:28:52,-07:00,2026-05-01T15:28:52-07:00,0,0
projects\projects.js,28,js,db5b6c8c,Roman,2026-05-01,15:28:52,-07:00,2026-05-01T15:28:52-07:00,1,48
projects\projects.js,29,js,db5b6c8c,Roman,2026-05-01,15:28:52,-07:00,2026-05-01T15:28:52-07:00,2,33
projects\projects.js,30,js,db5b6c8c,Roman,2026-05-01,15:28:52,-07:00,2026-05-01T15:28:52-07:00,1,0
projects\projects.js,31,js,db5b6c8c,Roman,2026-05-01,15:28:52,-07:00,2026-05-01T15:28:52-07:00,0,0
projects\projects.js,32,js,db5b6c8c,Roman,2026-05-01,15:28:52,-07:00,2026-05-01T15:28:52-07:00,1,18
projects\projects.js,33,js,db5b6c8c,Roman,2026-05-01,15:28:52,-07:00,2026-05-01T15:28:52-07:00,1,51
projects\projects.js,34,js,db5b6c8c,Roman,2026-05-01,15:28:52,-07:00,2026-05-01T15:28:52-07:00,1,40
projects\projects.js,35,js,db5b6c8c,Roman,2026-05-01,15:28:52,-07:00,2026-05-01T15:28:52-07:00,1,49
projects\projects.js,36,js,db5b6c8c,Roman,2026-05-01,15:28:52,-07:00,2026-05-01T15:28:52-07:00,0,0
projects\projects.js,37,js,db5b6c8c,Roman,2026-05-01,15:28:52,-07:00,2026-05-01T15:28:52-07:00,1,22
projects\projects.js,38,js,db5b6c8c,Roman,2026-05-01,15:28:52,-07:00,2026-05-01T15:28:52-07:00,1,41
projects\projects.js,39,js,db5b6c8c,Roman,2026-05-01,15:28:52,-07:00,2026-05-01T15:28:52-07:00,1,30
projects\projects.js,40,js,db5b6c8c,Roman,2026-05-01,15:28:52,-07:00,2026-05-01T15:28:52-07:00,0,0
projects\projects.js,41,js,db5b6c8c,Roman,2026-05-01,15:28:52,-07:00,2026-05-01T15:28:52-07:00,1,30
projects\projects.js,42,js,db5b6c8c,Roman,2026-05-01,15:28:52,-07:00,2026-05-01T15:28:52-07:00,1,28
projects\projects.js,43,js,db5b6c8c,Roman,2026-05-01,15:28:52,-07:00,2026-05-01T15:28:52-07:00,0,0
projects\projects.js,44,js,db5b6c8c,Roman,2026-05-01,15:28:52,-07:00,2026-05-01T15:28:52-07:00,1,14
projects\projects.js,45,js,db5b6c8c,Roman,2026-05-01,15:28:52,-07:00,2026-05-01T15:28:52-07:00,1,25
projects\projects.js,46,js,db5b6c8c,Roman,2026-05-01,15:28:52,-07:00,2026-05-01T15:28:52-07:00,2,2
projects\projects.js,47,js,db5b6c8c,Roman,2026-05-01,15:28:52,-07:00,2026-05-01T15:28:52-07:00,3,11
projects\projects.js,48,js,db5b6c8c,Roman,2026-05-01,15:28:52,-07:00,2026-05-01T15:28:52-07:00,3,11
projects\projects.js,49,js,db5b6c8c,Roman,2026-05-01,15:28:52,-07:00,2026-05-01T15:28:52-07:00,3,20
projects\projects.js,50,js,db5b6c8c,Roman,2026-05-01,15:28:52,-07:00,2026-05-01T15:28:52-07:00,3,16
projects\projects.js,51,js,db5b6c8c,Roman,2026-05-01,15:28:52,-07:00,2026-05-01T15:28:52-07:00,4,41
projects\projects.js,52,js,db5b6c8c,Roman,2026-05-01,15:28:52,-07:00,2026-05-01T15:28:52-07:00,0,0
projects\projects.js,53,js,db5b6c8c,Roman,2026-05-01,15:28:52,-07:00,2026-05-01T15:28:52-07:00,4,2
projects\projects.js,54,js,db5b6c8c,Roman,2026-05-01,15:28:52,-07:00,2026-05-01T15:28:52-07:00,5,14
projects\projects.js,55,js,db5b6c8c,Roman,2026-05-01,15:28:52,-07:00,2026-05-01T15:28:52-07:00,5,24
projects\projects.js,56,js,db5b6c8c,Roman,2026-05-01,15:28:52,-07:00,2026-05-01T15:28:52-07:00,6,35
projects\projects.js,57,js,db5b6c8c,Roman,2026-05-01,15:28:52,-07:00,2026-05-01T15:28:52-07:00,5,0
projects\projects.js,58,js,db5b6c8c,Roman,2026-05-01,15:28:52,-07:00,2026-05-01T15:28:52-07:00,0,0
projects\projects.js,59,js,db5b6c8c,Roman,2026-05-01,15:28:52,-07:00,2026-05-01T15:28:52-07:00,4,2
projects\projects.js,60,js,db5b6c8c,Roman,2026-05-01,15:28:52,-07:00,2026-05-01T15:28:52-07:00,5,12
projects\projects.js,61,js,db5b6c8c,Roman,2026-05-01,15:28:52,-07:00,2026-05-01T15:28:52-07:00,5,24
projects\projects.js,62,js,db5b6c8c,Roman,2026-05-01,15:28:52,-07:00,2026-05-01T15:28:52-07:00,6,58
projects\projects.js,63,js,db5b6c8c,Roman,2026-05-01,15:28:52,-07:00,2026-05-01T15:28:52-07:00,5,0
projects\projects.js,64,js,db5b6c8c,Roman,2026-05-01,15:28:52,-07:00,2026-05-01T15:28:52-07:00,0,0
projects\projects.js,65,js,db5b6c8c,Roman,2026-05-01,15:28:52,-07:00,2026-05-01T15:28:52-07:00,4,23
projects\projects.js,66,js,db5b6c8c,Roman,2026-05-01,15:28:52,-07:00,2026-05-01T15:28:52-07:00,5,51
projects\projects.js,67,js,db5b6c8c,Roman,2026-05-01,15:28:52,-07:00,2026-05-01T15:28:52-07:00,4,4
projects\projects.js,68,js,db5b6c8c,Roman,2026-05-01,15:28:52,-07:00,2026-05-01T15:28:52-07:00,5,44
projects\projects.js,69,js,db5b6c8c,Roman,2026-05-01,15:28:52,-07:00,2026-05-01T15:28:52-07:00,5,70
projects\projects.js,70,js,db5b6c8c,Roman,2026-05-01,15:28:52,-07:00,2026-05-01T15:28:52-07:00,5,52
projects\projects.js,71,js,db5b6c8c,Roman,2026-05-01,15:28:52,-07:00,2026-05-01T15:28:52-07:00,4,0
projects\projects.js,72,js,db5b6c8c,Roman,2026-05-01,15:28:52,-07:00,2026-05-01T15:28:52-07:00,3,0
projects\projects.js,73,js,db5b6c8c,Roman,2026-05-01,15:28:52,-07:00,2026-05-01T15:28:52-07:00,1,0
projects\projects.js,74,js,db5b6c8c,Roman,2026-05-01,15:28:52,-07:00,2026-05-01T15:28:52-07:00,0,0
projects\projects.js,75,js,db5b6c8c,Roman,2026-05-01,15:28:52,-07:00,2026-05-01T15:28:52-07:00,1,10
projects\projects.js,76,js,db5b6c8c,Roman,2026-05-01,15:28:52,-07:00,2026-05-01T15:28:52-07:00,1,25
projects\projects.js,77,js,db5b6c8c,Roman,2026-05-01,15:28:52,-07:00,2026-05-01T15:28:52-07:00,2,2
projects\projects.js,78,js,db5b6c8c,Roman,2026-05-01,15:28:52,-07:00,2026-05-01T15:28:52-07:00,3,9
projects\projects.js,79,js,db5b6c8c,Roman,2026-05-01,15:28:52,-07:00,2026-05-01T15:28:52-07:00,3,36
projects\projects.js,80,js,db5b6c8c,Roman,2026-05-01,15:28:52,-07:00,2026-05-01T15:28:52-07:00,3,25
projects\projects.js,81,js,db5b6c8c,Roman,2026-05-01,15:28:52,-07:00,2026-05-01T15:28:52-07:00,3,67
projects\projects.js,82,js,db5b6c8c,Roman,2026-05-01,15:28:52,-07:00,2026-05-01T15:28:52-07:00,1,0
projects\projects.js,83,js,db5b6c8c,Roman,2026-05-01,15:28:52,-07:00,2026-05-01T15:28:52-07:00,0,0
projects\projects.js,84,js,db5b6c8c,Roman,2026-05-01,15:28:52,-07:00,2026-05-01T15:28:52-07:00,0,0
projects\projects.js,85,js,db5b6c8c,Roman,2026-05-01,15:28:52,-07:00,2026-05-01T15:28:52-07:00,0,5
projects\projects.js,86,js,db5b6c8c,Roman,2026-05-01,15:28:52,-07:00,2026-05-01T15:28:52-07:00,0,21
projects\projects.js,87,js,db5b6c8c,Roman,2026-05-01,15:28:52,-07:00,2026-05-01T15:28:52-07:00,0,0
projects\projects.js,88,js,db5b6c8c,Roman,2026-05-01,15:28:52,-07:00,2026-05-01T15:28:52-07:00,0,5
projects\projects.js,89,js,db5b6c8c,Roman,2026-05-01,15:28:52,-07:00,2026-05-01T15:28:52-07:00,0,0
projects\projects.js,90,js,db5b6c8c,Roman,2026-05-01,15:28:52,-07:00,2026-05-01T15:28:52-07:00,0,11
projects\projects.js,91,js,db5b6c8c,Roman,2026-05-01,15:28:52,-07:00,2026-05-01T15:28:52-07:00,0,51
projects\projects.js,92,js,db5b6c8c,Roman,2026-05-01,15:28:52,-07:00,2026-05-01T15:28:52-07:00,0,0
projects\projects.js,93,js,db5b6c8c,Roman,2026-05-01,15:28:52,-07:00,2026-05-01T15:28:52-07:00,0,46
projects\projects.js,94,js,db5b6c8c,Roman,2026-05-01,15:28:52,-07:00,2026-05-01T15:28:52-07:00,1,23
projects\projects.js,95,js,db5b6c8c,Roman,2026-05-01,15:28:52,-07:00,2026-05-01T15:28:52-07:00,1,49
projects\projects.js,96,js,db5b6c8c,Roman,2026-05-01,15:28:52,-07:00,2026-05-01T15:28:52-07:00,2,57
projects\projects.js,97,js,db5b6c8c,Roman,2026-05-01,15:28:52,-07:00,2026-05-01T15:28:52-07:00,2,40
projects\projects.js,98,js,db5b6c8c,Roman,2026-05-01,15:28:52,-07:00,2026-05-01T15:28:52-07:00,1,0
projects\projects.js,99,js,db5b6c8c,Roman,2026-05-01,15:28:52,-07:00,2026-05-01T15:28:52-07:00,0,0
projects\projects.js,100,js,db5b6c8c,Roman,2026-05-01,15:28:52,-07:00,2026-05-01T15:28:52-07:00,1,54
projects\projects.js,101,js,db5b6c8c,Roman,2026-05-01,15:28:52,-07:00,2026-05-01T15:28:52-07:00,1,29
projects\projects.js,102,js,db5b6c8c,Roman,2026-05-01,15:28:52,-07:00,2026-05-01T15:28:52-07:00,0,0
projects\index.html,1,html,c8823976,Roman,2026-04-02,18:43:48,-07:00,2026-04-02T18:43:48-07:00,0,11
projects\index.html,2,html,c8823976,Roman,2026-04-02,18:43:48,-07:00,2026-04-02T18:43:48-07:00,0,12
projects\index.html,3,html,c8823976,Roman,2026-04-02,18:43:48,-07:00,2026-04-02T18:43:48-07:00,0,2
projects\index.html,4,html,c8823976,Roman,2026-04-02,18:43:48,-07:00,2026-04-02T18:43:48-07:00,1,18
projects\index.html,5,html,c8823976,Roman,2026-04-02,18:43:48,-07:00,2026-04-02T18:43:48-07:00,1,66
projects\index.html,6,html,c8823976,Roman,2026-04-02,18:43:48,-07:00,2026-04-02T18:43:48-07:00,1,19
projects\index.html,7,html,8d10ff71,Roman,2026-04-10,22:21:19,-07:00,2026-04-10T22:21:19-07:00,1,39
projects\index.html,8,html,ada352e4,Roman,2026-04-17,15:13:45,-07:00,2026-04-17T15:13:45-07:00,1,46
projects\index.html,9,html,209d4cba,Roman,2026-04-24,20:37:20,-07:00,2026-04-24T20:37:20-07:00,1,51
projects\index.html,10,html,c8823976,Roman,2026-04-02,18:43:48,-07:00,2026-04-02T18:43:48-07:00,0,3
projects\index.html,11,html,c8823976,Roman,2026-04-02,18:43:48,-07:00,2026-04-02T18:43:48-07:00,0,2
projects\index.html,12,html,8d10ff71,Roman,2026-04-10,22:21:19,-07:00,2026-04-10T22:21:19-07:00,0,0
projects\index.html,13,html,209d4cba,Roman,2026-04-24,20:37:20,-07:00,2026-04-24T20:37:20-07:00,1,36
projects\index.html,14,html,8d10ff71,Roman,2026-04-10,22:21:19,-07:00,2026-04-10T22:21:19-07:00,0,0
projects\index.html,15,html,db5b6c8c,Roman,2026-05-01,15:28:52,-07:00,2026-05-01T15:28:52-07:00,1,23
projects\index.html,16,html,db5b6c8c,Roman,2026-05-01,15:28:52,-07:00,2026-05-01T15:28:52-07:00,2,50
projects\index.html,17,html,db5b6c8c,Roman,2026-05-01,15:28:52,-07:00,2026-05-01T15:28:52-07:00,2,2
projects\index.html,18,html,db5b6c8c,Roman,2026-05-01,15:28:52,-07:00,2026-05-01T15:28:52-07:00,2,20
projects\index.html,19,html,db5b6c8c,Roman,2026-05-01,15:28:52,-07:00,2026-05-01T15:28:52-07:00,1,2
projects\index.html,20,html,db5b6c8c,Roman,2026-05-01,15:28:52,-07:00,2026-05-01T15:28:52-07:00,0,0
projects\index.html,21,html,db5b6c8c,Roman,2026-05-01,15:28:52,-07:00,2026-05-01T15:28:52-07:00,1,2
projects\index.html,22,html,db5b6c8c,Roman,2026-05-01,15:28:52,-07:00,2026-05-01T15:28:52-07:00,2,13
projects\index.html,23,html,db5b6c8c,Roman,2026-05-01,15:28:52,-07:00,2026-05-01T15:28:52-07:00,2,9
projects\index.html,24,html,db5b6c8c,Roman,2026-05-01,15:28:52,-07:00,2026-05-01T15:28:52-07:00,2,24
projects\index.html,25,html,db5b6c8c,Roman,2026-05-01,15:28:52,-07:00,2026-05-01T15:28:52-07:00,2,29
projects\index.html,26,html,db5b6c8c,Roman,2026-05-01,15:28:52,-07:00,2026-05-01T15:28:52-07:00,1,0
projects\index.html,27,html,db5b6c8c,Roman,2026-05-01,15:28:52,-07:00,2026-05-01T15:28:52-07:00,0,0
projects\index.html,28,html,209d4cba,Roman,2026-04-24,20:37:20,-07:00,2026-04-24T20:37:20-07:00,1,24
projects\index.html,29,html,8d10ff71,Roman,2026-04-10,22:21:19,-07:00,2026-04-10T22:21:19-07:00,0,0
projects\index.html,30,html,8d10ff71,Roman,2026-04-10,22:21:19,-07:00,2026-04-10T22:21:19-07:00,1,11
projects\index.html,31,html,8d10ff71,Roman,2026-04-10,22:21:19,-07:00,2026-04-10T22:21:19-07:00,0,0
projects\index.html,32,html,94d85e4e,Roman,2026-04-02,19:25:34,-07:00,2026-04-02T19:25:34-07:00,1,14
projects\index.html,33,html,94d85e4e,Roman,2026-04-02,19:25:34,-07:00,2026-04-02T19:25:34-07:00,1,37
projects\index.html,34,html,94d85e4e,Roman,2026-04-02,19:25:34,-07:00,2026-04-02T19:25:34-07:00,1,35
projects\index.html,35,html,94d85e4e,Roman,2026-04-02,19:25:34,-07:00,2026-04-02T19:25:34-07:00,1,0
projects\index.html,36,html,94d85e4e,Roman,2026-04-02,19:25:34,-07:00,2026-04-02T19:25:34-07:00,2,13
projects\index.html,37,html,94d85e4e,Roman,2026-04-02,19:25:34,-07:00,2026-04-02T19:25:34-07:00,2,52
projects\index.html,38,html,94d85e4e,Roman,2026-04-02,19:25:34,-07:00,2026-04-02T19:25:34-07:00,1,1
projects\index.html,39,html,8d10ff71,Roman,2026-04-10,22:21:19,-07:00,2026-04-10T22:21:19-07:00,0,0
projects\index.html,40,html,8d10ff71,Roman,2026-04-10,22:21:19,-07:00,2026-04-10T22:21:19-07:00,1,15
projects\index.html,41,html,94d85e4e,Roman,2026-04-02,19:25:34,-07:00,2026-04-02T19:25:34-07:00,1,33
projects\index.html,42,html,94d85e4e,Roman,2026-04-02,19:25:34,-07:00,2026-04-02T19:25:34-07:00,1,46
projects\index.html,43,html,94d85e4e,Roman,2026-04-02,19:25:34,-07:00,2026-04-02T19:25:34-07:00,1,0
projects\index.html,44,html,94d85e4e,Roman,2026-04-02,19:25:34,-07:00,2026-04-02T19:25:34-07:00,2,87
projects\index.html,45,html,94d85e4e,Roman,2026-04-02,19:25:34,-07:00,2026-04-02T19:25:34-07:00,2,48
projects\index.html,46,html,94d85e4e,Roman,2026-04-02,19:25:34,-07:00,2026-04-02T19:25:34-07:00,2,53
projects\index.html,47,html,94d85e4e,Roman,2026-04-02,19:25:34,-07:00,2026-04-02T19:25:34-07:00,1,1
projects\index.html,48,html,94d85e4e,Roman,2026-04-02,19:25:34,-07:00,2026-04-02T19:25:34-07:00,1,66
projects\index.html,49,html,94d85e4e,Roman,2026-04-02,19:25:34,-07:00,2026-04-02T19:25:34-07:00,1,30
projects\index.html,50,html,94d85e4e,Roman,2026-04-02,19:25:34,-07:00,2026-04-02T19:25:34-07:00,1,0
projects\index.html,51,html,94d85e4e,Roman,2026-04-02,19:25:34,-07:00,2026-04-02T19:25:34-07:00,2,63
projects\index.html,52,html,94d85e4e,Roman,2026-04-02,19:25:34,-07:00,2026-04-02T19:25:34-07:00,2,69
projects\index.html,53,html,94d85e4e,Roman,2026-04-02,19:25:34,-07:00,2026-04-02T19:25:34-07:00,1,1
projects\index.html,54,html,94d85e4e,Roman,2026-04-02,19:25:34,-07:00,2026-04-02T19:25:34-07:00,1,51
projects\index.html,55,html,94d85e4e,Roman,2026-04-02,19:25:34,-07:00,2026-04-02T19:25:34-07:00,1,34
projects\index.html,56,html,94d85e4e,Roman,2026-04-02,19:25:34,-07:00,2026-04-02T19:25:34-07:00,1,0
projects\index.html,57,html,94d85e4e,Roman,2026-04-02,19:25:34,-07:00,2026-04-02T19:25:34-07:00,2,63
projects\index.html,58,html,94d85e4e,Roman,2026-04-02,19:25:34,-07:00,2026-04-02T19:25:34-07:00,1,1
projects\index.html,59,html,8d10ff71,Roman,2026-04-10,22:21:19,-07:00,2026-04-10T22:21:19-07:00,0,0
projects\index.html,60,html,94d85e4e,Roman,2026-04-02,19:25:34,-07:00,2026-04-02T19:25:34-07:00,1,13
projects\index.html,61,html,94d85e4e,Roman,2026-04-02,19:25:34,-07:00,2026-04-02T19:25:34-07:00,1,31
projects\index.html,62,html,94d85e4e,Roman,2026-04-02,19:25:34,-07:00,2026-04-02T19:25:34-07:00,1,0
projects\index.html,63,html,94d85e4e,Roman,2026-04-02,19:25:34,-07:00,2026-04-02T19:25:34-07:00,2,94
projects\index.html,64,html,94d85e4e,Roman,2026-04-02,19:25:34,-07:00,2026-04-02T19:25:34-07:00,2,27
projects\index.html,65,html,94d85e4e,Roman,2026-04-02,19:25:34,-07:00,2026-04-02T19:25:34-07:00,1,1
projects\index.html,66,html,94d85e4e,Roman,2026-04-02,19:25:34,-07:00,2026-04-02T19:25:34-07:00,1,34
projects\index.html,67,html,94d85e4e,Roman,2026-04-02,19:25:34,-07:00,2026-04-02T19:25:34-07:00,1,0
projects\index.html,68,html,94d85e4e,Roman,2026-04-02,19:25:34,-07:00,2026-04-02T19:25:34-07:00,2,91
projects\index.html,69,html,94d85e4e,Roman,2026-04-02,19:25:34,-07:00,2026-04-02T19:25:34-07:00,2,36
projects\index.html,70,html,94d85e4e,Roman,2026-04-02,19:25:34,-07:00,2026-04-02T19:25:34-07:00,1,1
projects\index.html,71,html,94d85e4e,Roman,2026-04-02,19:25:34,-07:00,2026-04-02T19:25:34-07:00,1,34
projects\index.html,72,html,94d85e4e,Roman,2026-04-02,19:25:34,-07:00,2026-04-02T19:25:34-07:00,1,0
projects\index.html,73,html,94d85e4e,Roman,2026-04-02,19:25:34,-07:00,2026-04-02T19:25:34-07:00,2,76
projects\index.html,74,html,94d85e4e,Roman,2026-04-02,19:25:34,-07:00,2026-04-02T19:25:34-07:00,2,40
projects\index.html,75,html,94d85e4e,Roman,2026-04-02,19:25:34,-07:00,2026-04-02T19:25:34-07:00,1,1
projects\index.html,76,html,8d10ff71,Roman,2026-04-10,22:21:19,-07:00,2026-04-10T22:21:19-07:00,0,0
projects\index.html,77,html,94d85e4e,Roman,2026-04-02,19:25:34,-07:00,2026-04-02T19:25:34-07:00,1,11
projects\index.html,78,html,94d85e4e,Roman,2026-04-02,19:25:34,-07:00,2026-04-02T19:25:34-07:00,1,0
projects\index.html,79,html,94d85e4e,Roman,2026-04-02,19:25:34,-07:00,2026-04-02T19:25:34-07:00,2,59
projects\index.html,80,html,94d85e4e,Roman,2026-04-02,19:25:34,-07:00,2026-04-02T19:25:34-07:00,2,84
projects\index.html,81,html,94d85e4e,Roman,2026-04-02,19:25:34,-07:00,2026-04-02T19:25:34-07:00,2,56
projects\index.html,82,html,94d85e4e,Roman,2026-04-02,19:25:34,-07:00,2026-04-02T19:25:34-07:00,2,71
projects\index.html,83,html,94d85e4e,Roman,2026-04-02,19:25:34,-07:00,2026-04-02T19:25:34-07:00,1,1
projects\index.html,84,html,8d10ff71,Roman,2026-04-10,22:21:19,-07:00,2026-04-10T22:21:19-07:00,0,0
projects\index.html,85,html,c8823976,Roman,2026-04-02,18:43:48,-07:00,2026-04-02T18:43:48-07:00,0,3
projects\index.html,86,html,c8823976,Roman,2026-04-02,18:43:48,-07:00,2026-04-02T18:43:48-07:00,0,3
contact\index.html,1,html,c8823976,Roman,2026-04-02,18:43:48,-07:00,2026-04-02T18:43:48-07:00,0,11
contact\index.html,2,html,c8823976,Roman,2026-04-02,18:43:48,-07:00,2026-04-02T18:43:48-07:00,0,12
contact\index.html,3,html,c8823976,Roman,2026-04-02,18:43:48,-07:00,2026-04-02T18:43:48-07:00,0,2
contact\index.html,4,html,c8823976,Roman,2026-04-02,18:43:48,-07:00,2026-04-02T18:43:48-07:00,1,18
contact\index.html,5,html,c8823976,Roman,2026-04-02,18:43:48,-07:00,2026-04-02T18:43:48-07:00,1,66
contact\index.html,6,html,c8823976,Roman,2026-04-02,18:43:48,-07:00,2026-04-02T18:43:48-07:00,1,18
contact\index.html,7,html,8d10ff71,Roman,2026-04-10,22:21:19,-07:00,2026-04-10T22:21:19-07:00,1,39
contact\index.html,8,html,ada352e4,Roman,2026-04-17,15:13:45,-07:00,2026-04-17T15:13:45-07:00,1,46
contact\index.html,9,html,c8823976,Roman,2026-04-02,18:43:48,-07:00,2026-04-02T18:43:48-07:00,0,3
contact\index.html,10,html,c8823976,Roman,2026-04-02,18:43:48,-07:00,2026-04-02T18:43:48-07:00,0,2
contact\index.html,11,html,8d10ff71,Roman,2026-04-10,22:21:19,-07:00,2026-04-10T22:21:19-07:00,0,0
contact\index.html,12,html,8d10ff71,Roman,2026-04-10,22:21:19,-07:00,2026-04-10T22:21:19-07:00,1,12
contact\index.html,13,html,8d10ff71,Roman,2026-04-10,22:21:19,-07:00,2026-04-10T22:21:19-07:00,0,0
contact\index.html,14,html,ada352e4,Roman,2026-04-17,15:13:45,-07:00,2026-04-17T15:13:45-07:00,1,49
contact\index.html,15,html,8d10ff71,Roman,2026-04-10,22:21:19,-07:00,2026-04-10T22:21:19-07:00,2,17
contact\index.html,16,html,8d10ff71,Roman,2026-04-10,22:21:19,-07:00,2026-04-10T22:21:19-07:00,3,4
contact\index.html,17,html,8d10ff71,Roman,2026-04-10,22:21:19,-07:00,2026-04-10T22:21:19-07:00,3,43
contact\index.html,18,html,8d10ff71,Roman,2026-04-10,22:21:19,-07:00,2026-04-10T22:21:19-07:00,2,4
contact\index.html,19,html,8d10ff71,Roman,2026-04-10,22:21:19,-07:00,2026-04-10T22:21:19-07:00,2,14
contact\index.html,20,html,8d10ff71,Roman,2026-04-10,22:21:19,-07:00,2026-04-10T22:21:19-07:00,3,4
contact\index.html,21,html,8d10ff71,Roman,2026-04-10,22:21:19,-07:00,2026-04-10T22:21:19-07:00,3,48
contact\index.html,22,html,8d10ff71,Roman,2026-04-10,22:21:19,-07:00,2026-04-10T22:21:19-07:00,2,4
contact\index.html,23,html,8d10ff71,Roman,2026-04-10,22:21:19,-07:00,2026-04-10T22:21:19-07:00,2,31
contact\index.html,24,html,8d10ff71,Roman,2026-04-10,22:21:19,-07:00,2026-04-10T22:21:19-07:00,1,3
contact\index.html,25,html,8d10ff71,Roman,2026-04-10,22:21:19,-07:00,2026-04-10T22:21:19-07:00,0,0
contact\index.html,26,html,c8823976,Roman,2026-04-02,18:43:48,-07:00,2026-04-02T18:43:48-07:00,0,3
contact\index.html,27,html,c8823976,Roman,2026-04-02,18:43:48,-07:00,2026-04-02T18:43:48-07:00,0,3
